"coat","sex","bodyWeight","heartWeight","loved","cute","kind","ugly"
"calico","male",3.48,0.038,TRUE,TRUE,TRUE,FALSE
"calico","male",3.41,0.032,TRUE,TRUE,FALSE,FALSE
"calico","male",2.45,0.033,TRUE,TRUE,TRUE,FALSE
"calico","male",2.77,0.024,TRUE,TRUE,FALSE,FALSE
"calico","male",3.26,0.022,TRUE,TRUE,FALSE,FALSE
"calico","female",1.93,0.022,TRUE,TRUE,TRUE,FALSE
"calico","female",1.41,0.014,TRUE,TRUE,FALSE,FALSE
"calico","female",2.11,0.016,TRUE,TRUE,FALSE,FALSE
"calico","female",1.98,0.017,TRUE,TRUE,FALSE,FALSE
"calico","female",1.61,0.022,TRUE,TRUE,TRUE,FALSE
"black","male",4.59,0.037,TRUE,FALSE,FALSE,TRUE
"black","male",2.76,0.032,TRUE,FALSE,TRUE,TRUE
"black","male",4.27,0.042,TRUE,FALSE,FALSE,TRUE
"black","male",4.18,0.038,TRUE,FALSE,FALSE,TRUE
"black","male",4.15,0.056,TRUE,FALSE,TRUE,TRUE
"black","female",2.37,0.015,TRUE,FALSE,FALSE,TRUE
"black","female",3.11,0.024,TRUE,FALSE,FALSE,TRUE
"black","female",3.21,0.026,TRUE,FALSE,FALSE,TRUE
"black","female",2.86,0.018,TRUE,FALSE,FALSE,TRUE
"black","female",3.2,0.041,TRUE,FALSE,TRUE,TRUE
"tabby","male",3.82,0.043,TRUE,TRUE,TRUE,FALSE
"tabby","male",2.91,0.022,TRUE,TRUE,FALSE,FALSE
"tabby","male",2.79,0.022,TRUE,TRUE,FALSE,FALSE
"tabby","male",3.02,0.022,TRUE,TRUE,FALSE,FALSE
"tabby","male",3.16,0.036,TRUE,TRUE,TRUE,FALSE
"tabby","female",1.86,0.034,TRUE,TRUE,TRUE,FALSE
"tabby","female",1.23,0.019,TRUE,TRUE,TRUE,FALSE
"tabby","female",2.15,0.03,TRUE,TRUE,TRUE,FALSE
"tabby","female",2.01,0.008,TRUE,TRUE,FALSE,FALSE
"tabby","female",5.23,0.052,TRUE,TRUE,FALSE,FALSE
