"coat","sex","bodyWeight","heartWeight","loved"
"calico","male",3.48,0.038,TRUE
"calico","male",3.41,0.032,TRUE
"calico","male",2.45,0.033,TRUE
"calico","male",2.77,0.024,TRUE
"calico","male",3.26,0.022,TRUE
"calico","female",1.93,0.022,TRUE
"calico","female",1.41,0.014,TRUE
"calico","female",2.11,0.016,TRUE
"calico","female",1.98,0.017,TRUE
"calico","female",1.61,0.022,TRUE
"black","male",4.59,0.037,TRUE
"black","male",2.76,0.032,TRUE
"black","male",4.27,0.042,TRUE
"black","male",4.18,0.038,TRUE
"black","male",4.15,0.056,TRUE
"black","female",2.37,0.015,TRUE
"black","female",3.11,0.024,TRUE
"black","female",3.21,0.026,TRUE
"black","female",2.86,0.018,TRUE
"black","female",3.2,0.041,TRUE
"tabby","male",3.82,0.043,TRUE
"tabby","male",2.91,0.022,TRUE
"tabby","male",2.79,0.022,TRUE
"tabby","male",3.02,0.022,TRUE
"tabby","male",3.16,0.036,TRUE
"tabby","female",1.86,0.034,TRUE
"tabby","female",1.23,0.019,TRUE
"tabby","female",2.15,0.03,TRUE
"tabby","female",2.01,0.008,TRUE
"tabby","female",5.23,0.052,FALSE
